filename,label
blackshama1.wav,black_shama
blackshama2.wav,black_shama
blackshama3.wav,black_shama
blackshama4.wav,black_shama
blackshama5.wav,black_shama
blackshama6.wav,black_shama
blackshama7.wav,black_shama
blackshama8.wav,black_shama
blackshama9.wav,black_shama
blackshama10.wav,black_shama
blackshama11.wav,black_shama
blackshama12.wav,black_shama
blackshama13.wav,black_shama
blackshama14.wav,black_shama
blackshama15.wav,black_shama
blackshama16.wav,black_shama
blackshama17.wav,black_shama
blackshama18.wav,black_shama
blackshama19.wav,black_shama
blackshama20.wav,black_shama
blackshama21.wav,black_shama
blackshama22.wav,black_shama
blackshama23.wav,black_shama
blackshama24.wav,black_shama
blackshama25.wav,black_shama
blackshama26.wav,black_shama
blackshama27.wav,black_shama
blackshama28.wav,black_shama
blackshama29.wav,black_shama
blackshama30.wav,black_shama
blackshama31.wav,black_shama
blackshama32.wav,black_shama
blackshama33.wav,black_shama
blackshama34.wav,black_shama
blackshama35.wav,black_shama
blackshama36.wav,black_shama
blackshama37.wav,black_shama
blackshama38.wav,black_shama
blackshama39.wav,black_shama
blackshama40.wav,black_shama
blackshama41.wav,black_shama
blackshama42.wav,black_shama
blackshama43.wav,black_shama
blackshama44.wav,black_shama
blackshama45.wav,black_shama
blackshama46.wav,black_shama
blackshama47.wav,black_shama
blackshama48.wav,black_shama
blackshama49.wav,black_shama
blackshama50.wav,black_shama
blackshama51.wav,black_shama
blackshama52.wav,black_shama
blackshama53.wav,black_shama
blackshama54.wav,black_shama
blackshama55.wav,black_shama
blackshama56.wav,black_shama
blackshama57.wav,black_shama
blackshama58.wav,black_shama
blackshama59.wav,black_shama
blackshama60.wav,black_shama
blackshama61.wav,black_shama
blackshama62.wav,black_shama
blackshama63.wav,black_shama
blackshama64.wav,black_shama
blackshama65.wav,black_shama
blackshama66.wav,black_shama
blackshama67.wav,black_shama
blackshama68.wav,black_shama
blackshama69.wav,black_shama
blackshama70.wav,black_shama
blackshama71.wav,black_shama
blackshama72.wav,black_shama
blackshama73.wav,black_shama
blackshama74.wav,black_shama
blackshama75.wav,black_shama
blackshama76.wav,black_shama
blackshama77.wav,black_shama
blackshama78.wav,black_shama
blackshama79.wav,black_shama
blackshama80.wav,black_shama
blackshama81.wav,black_shama
blackshama82.wav,black_shama
blackshama83.wav,black_shama
blackshama84.wav,black_shama
blackshama85.wav,black_shama
blackshama86.wav,black_shama
blackshama87.wav,black_shama
blackshama88.wav,black_shama
blackshama89.wav,black_shama
blackshama90.wav,black_shama
blackshama91.wav,black_shama
blackshama92.wav,black_shama
blackshama93.wav,black_shama
blackshama94.wav,black_shama
blackshama95.wav,black_shama
blackshama96.wav,black_shama
blackshama97.wav,black_shama
blackshama98.wav,black_shama
blackshama99.wav,black_shama
blackshama100.wav,black_shama
cuckooshrike1.wav,blackish_cuckooshrike
cuckooshrike2.wav,blackish_cuckooshrike
cuckooshrike3.wav,blackish_cuckooshrike
cuckooshrike4.wav,blackish_cuckooshrike
cuckooshrike5.wav,blackish_cuckooshrike
cuckooshrike6.wav,blackish_cuckooshrike
cuckooshrike7.wav,blackish_cuckooshrike
cuckooshrike8.wav,blackish_cuckooshrike
cuckooshrike9.wav,blackish_cuckooshrike
cuckooshrike10.wav,blackish_cuckooshrike
cuckooshrike11.wav,blackish_cuckooshrike
cuckooshrike12.wav,blackish_cuckooshrike
cuckooshrike13.wav,blackish_cuckooshrike
cuckooshrike14.wav,blackish_cuckooshrike
cuckooshrike15.wav,blackish_cuckooshrike
cuckooshrike16.wav,blackish_cuckooshrike
cuckooshrike17.wav,blackish_cuckooshrike
cuckooshrike18.wav,blackish_cuckooshrike
cuckooshrike19.wav,blackish_cuckooshrike
cuckooshrike20.wav,blackish_cuckooshrike
cuckooshrike21.wav,blackish_cuckooshrike
cuckooshrike22.wav,blackish_cuckooshrike
cuckooshrike23.wav,blackish_cuckooshrike
cuckooshrike24.wav,blackish_cuckooshrike
cuckooshrike25.wav,blackish_cuckooshrike
cuckooshrike26.wav,blackish_cuckooshrike
cuckooshrike27.wav,blackish_cuckooshrike
cuckooshrike28.wav,blackish_cuckooshrike
cuckooshrike29.wav,blackish_cuckooshrike
cuckooshrike30.wav,blackish_cuckooshrike
cuckooshrike31.wav,blackish_cuckooshrike
cuckooshrike32.wav,blackish_cuckooshrike
cuckooshrike33.wav,blackish_cuckooshrike
cuckooshrike34.wav,blackish_cuckooshrike
cuckooshrike35.wav,blackish_cuckooshrike
cuckooshrike36.wav,blackish_cuckooshrike
cuckooshrike37.wav,blackish_cuckooshrike
cuckooshrike38.wav,blackish_cuckooshrike
cuckooshrike39.wav,blackish_cuckooshrike
cuckooshrike40.wav,blackish_cuckooshrike
cuckooshrike41.wav,blackish_cuckooshrike
cuckooshrike42.wav,blackish_cuckooshrike
cuckooshrike43.wav,blackish_cuckooshrike
cuckooshrike44.wav,blackish_cuckooshrike
cuckooshrike45.wav,blackish_cuckooshrike
cuckooshrike46.wav,blackish_cuckooshrike
cuckooshrike47.wav,blackish_cuckooshrike
cuckooshrike48.wav,blackish_cuckooshrike
cuckooshrike49.wav,blackish_cuckooshrike
cuckooshrike50.wav,blackish_cuckooshrike
cuckooshrike51.wav,blackish_cuckooshrike
cuckooshrike52.wav,blackish_cuckooshrike
cuckooshrike53.wav,blackish_cuckooshrike
cuckooshrike54.wav,blackish_cuckooshrike
cuckooshrike55.wav,blackish_cuckooshrike
cuckooshrike56.wav,blackish_cuckooshrike
cuckooshrike57.wav,blackish_cuckooshrike
cuckooshrike58.wav,blackish_cuckooshrike
cuckooshrike59.wav,blackish_cuckooshrike
cuckooshrike60.wav,blackish_cuckooshrike
cuckooshrike61.wav,blackish_cuckooshrike
cuckooshrike62.wav,blackish_cuckooshrike
cuckooshrike63.wav,blackish_cuckooshrike
cuckooshrike64.wav,blackish_cuckooshrike
cuckooshrike65.wav,blackish_cuckooshrike
cuckooshrike66.wav,blackish_cuckooshrike
cuckooshrike67.wav,blackish_cuckooshrike
cuckooshrike68.wav,blackish_cuckooshrike
cuckooshrike69.wav,blackish_cuckooshrike
cuckooshrike70.wav,blackish_cuckooshrike
cuckooshrike71.wav,blackish_cuckooshrike
cuckooshrike72.wav,blackish_cuckooshrike
cuckooshrike73.wav,blackish_cuckooshrike
cuckooshrike74.wav,blackish_cuckooshrike
cuckooshrike75.wav,blackish_cuckooshrike
cuckooshrike76.wav,blackish_cuckooshrike
cuckooshrike77.wav,blackish_cuckooshrike
cuckooshrike78.wav,blackish_cuckooshrike
cuckooshrike79.wav,blackish_cuckooshrike
cuckooshrike80.wav,blackish_cuckooshrike
cuckooshrike81.wav,blackish_cuckooshrike
cuckooshrike82.wav,blackish_cuckooshrike
cuckooshrike83.wav,blackish_cuckooshrike
cuckooshrike84.wav,blackish_cuckooshrike
cuckooshrike85.wav,blackish_cuckooshrike
cuckooshrike86.wav,blackish_cuckooshrike
cuckooshrike87.wav,blackish_cuckooshrike
cuckooshrike88.wav,blackish_cuckooshrike
cuckooshrike89.wav,blackish_cuckooshrike
cuckooshrike90.wav,blackish_cuckooshrike
cuckooshrike91.wav,blackish_cuckooshrike
cuckooshrike92.wav,blackish_cuckooshrike
cuckooshrike93.wav,blackish_cuckooshrike
cuckooshrike94.wav,blackish_cuckooshrike
cuckooshrike95.wav,blackish_cuckooshrike
cuckooshrike96.wav,blackish_cuckooshrike
cuckooshrike97.wav,blackish_cuckooshrike
cuckooshrike98.wav,blackish_cuckooshrike
cuckooshrike99.wav,blackish_cuckooshrike
cuckooshrike100.wav,blackish_cuckooshrike
brahminykite1.wav,brahminy_kite
brahminykite2.wav,brahminy_kite
brahminykite3.wav,brahminy_kite
brahminykite4.wav,brahminy_kite
brahminykite5.wav,brahminy_kite
brahminykite6.wav,brahminy_kite
brahminykite7.wav,brahminy_kite
brahminykite8.wav,brahminy_kite
brahminykite9.wav,brahminy_kite
brahminykite10.wav,brahminy_kite
brahminykite11.wav,brahminy_kite
brahminykite12.wav,brahminy_kite
brahminykite13.wav,brahminy_kite
brahminykite14.wav,brahminy_kite
brahminykite15.wav,brahminy_kite
brahminykite16.wav,brahminy_kite
brahminykite17.wav,brahminy_kite
brahminykite18.wav,brahminy_kite
brahminykite19.wav,brahminy_kite
brahminykite20.wav,brahminy_kite
brahminykite21.wav,brahminy_kite
brahminykite22.wav,brahminy_kite
brahminykite23.wav,brahminy_kite
brahminykite24.wav,brahminy_kite
brahminykite25.wav,brahminy_kite
brahminykite26.wav,brahminy_kite
brahminykite27.wav,brahminy_kite
brahminykite28.wav,brahminy_kite
brahminykite29.wav,brahminy_kite
brahminykite30.wav,brahminy_kite
brahminykite31.wav,brahminy_kite
brahminykite32.wav,brahminy_kite
brahminykite33.wav,brahminy_kite
brahminykite34.wav,brahminy_kite
brahminykite35.wav,brahminy_kite
brahminykite36.wav,brahminy_kite
brahminykite37.wav,brahminy_kite
brahminykite38.wav,brahminy_kite
brahminykite39.wav,brahminy_kite
brahminykite40.wav,brahminy_kite
brahminykite41.wav,brahminy_kite
brahminykite42.wav,brahminy_kite
brahminykite43.wav,brahminy_kite
brahminykite44.wav,brahminy_kite
brahminykite45.wav,brahminy_kite
brahminykite46.wav,brahminy_kite
brahminykite47.wav,brahminy_kite
brahminykite48.wav,brahminy_kite
brahminykite49.wav,brahminy_kite
brahminykite50.wav,brahminy_kite
brahminykite51.wav,brahminy_kite
brahminykite52.wav,brahminy_kite
brahminykite53.wav,brahminy_kite
brahminykite54.wav,brahminy_kite
brahminykite55.wav,brahminy_kite
brahminykite56.wav,brahminy_kite
brahminykite57.wav,brahminy_kite
brahminykite58.wav,brahminy_kite
brahminykite59.wav,brahminy_kite
brahminykite60.wav,brahminy_kite
brahminykite61.wav,brahminy_kite
brahminykite62.wav,brahminy_kite
brahminykite63.wav,brahminy_kite
brahminykite64.wav,brahminy_kite
brahminykite65.wav,brahminy_kite
brahminykite66.wav,brahminy_kite
brahminykite67.wav,brahminy_kite
brahminykite68.wav,brahminy_kite
brahminykite69.wav,brahminy_kite
brahminykite70.wav,brahminy_kite
brahminykite71.wav,brahminy_kite
brahminykite72.wav,brahminy_kite
brahminykite73.wav,brahminy_kite
brahminykite74.wav,brahminy_kite
brahminykite75.wav,brahminy_kite
brahminykite76.wav,brahminy_kite
brahminykite77.wav,brahminy_kite
brahminykite78.wav,brahminy_kite
brahminykite79.wav,brahminy_kite
brahminykite80.wav,brahminy_kite
brahminykite81.wav,brahminy_kite
brahminykite82.wav,brahminy_kite
brahminykite83.wav,brahminy_kite
brahminykite84.wav,brahminy_kite
brahminykite85.wav,brahminy_kite
brahminykite86.wav,brahminy_kite
brahminykite87.wav,brahminy_kite
brahminykite88.wav,brahminy_kite
brahminykite89.wav,brahminy_kite
brahminykite90.wav,brahminy_kite
brahminykite91.wav,brahminy_kite
brahminykite92.wav,brahminy_kite
brahminykite93.wav,brahminy_kite
brahminykite94.wav,brahminy_kite
brahminykite95.wav,brahminy_kite
brahminykite96.wav,brahminy_kite
brahminykite97.wav,brahminy_kite
brahminykite98.wav,brahminy_kite
brahminykite99.wav,brahminy_kite
brahminykite100.wav,brahminy_kite
brownhawkowl1.wav,brown_hawk_owl
brownhawkowl2.wav,brown_hawk_owl
brownhawkowl3.wav,brown_hawk_owl
brownhawkowl4.wav,brown_hawk_owl
brownhawkowl5.wav,brown_hawk_owl
brownhawkowl6.wav,brown_hawk_owl
brownhawkowl7.wav,brown_hawk_owl
brownhawkowl8.wav,brown_hawk_owl
brownhawkowl9.wav,brown_hawk_owl
brownhawkowl10.wav,brown_hawk_owl
brownhawkowl11.wav,brown_hawk_owl
brownhawkowl12.wav,brown_hawk_owl
brownhawkowl13.wav,brown_hawk_owl
brownhawkowl14.wav,brown_hawk_owl
brownhawkowl15.wav,brown_hawk_owl
brownhawkowl16.wav,brown_hawk_owl
brownhawkowl17.wav,brown_hawk_owl
brownhawkowl18.wav,brown_hawk_owl
brownhawkowl19.wav,brown_hawk_owl
brownhawkowl20.wav,brown_hawk_owl
brownhawkowl21.wav,brown_hawk_owl
brownhawkowl22.wav,brown_hawk_owl
brownhawkowl23.wav,brown_hawk_owl
brownhawkowl24.wav,brown_hawk_owl
brownhawkowl25.wav,brown_hawk_owl
brownhawkowl26.wav,brown_hawk_owl
brownhawkowl27.wav,brown_hawk_owl
brownhawkowl28.wav,brown_hawk_owl
brownhawkowl29.wav,brown_hawk_owl
brownhawkowl30.wav,brown_hawk_owl
brownhawkowl31.wav,brown_hawk_owl
brownhawkowl32.wav,brown_hawk_owl
brownhawkowl33.wav,brown_hawk_owl
brownhawkowl34.wav,brown_hawk_owl
brownhawkowl35.wav,brown_hawk_owl
brownhawkowl36.wav,brown_hawk_owl
brownhawkowl37.wav,brown_hawk_owl
brownhawkowl38.wav,brown_hawk_owl
brownhawkowl39.wav,brown_hawk_owl
brownhawkowl40.wav,brown_hawk_owl
brownhawkowl41.wav,brown_hawk_owl
brownhawkowl42.wav,brown_hawk_owl
brownhawkowl43.wav,brown_hawk_owl
brownhawkowl44.wav,brown_hawk_owl
brownhawkowl45.wav,brown_hawk_owl
brownhawkowl46.wav,brown_hawk_owl
brownhawkowl47.wav,brown_hawk_owl
brownhawkowl48.wav,brown_hawk_owl
brownhawkowl49.wav,brown_hawk_owl
brownhawkowl50.wav,brown_hawk_owl
brownhawkowl51.wav,brown_hawk_owl
brownhawkowl52.wav,brown_hawk_owl
brownhawkowl53.wav,brown_hawk_owl
brownhawkowl54.wav,brown_hawk_owl
brownhawkowl55.wav,brown_hawk_owl
brownhawkowl56.wav,brown_hawk_owl
brownhawkowl57.wav,brown_hawk_owl
brownhawkowl58.wav,brown_hawk_owl
brownhawkowl59.wav,brown_hawk_owl
brownhawkowl60.wav,brown_hawk_owl
brownhawkowl61.wav,brown_hawk_owl
brownhawkowl62.wav,brown_hawk_owl
brownhawkowl63.wav,brown_hawk_owl
brownhawkowl64.wav,brown_hawk_owl
brownhawkowl65.wav,brown_hawk_owl
brownhawkowl66.wav,brown_hawk_owl
brownhawkowl67.wav,brown_hawk_owl
brownhawkowl68.wav,brown_hawk_owl
brownhawkowl69.wav,brown_hawk_owl
brownhawkowl70.wav,brown_hawk_owl
brownhawkowl71.wav,brown_hawk_owl
brownhawkowl72.wav,brown_hawk_owl
brownhawkowl73.wav,brown_hawk_owl
brownhawkowl74.wav,brown_hawk_owl
brownhawkowl75.wav,brown_hawk_owl
brownhawkowl76.wav,brown_hawk_owl
brownhawkowl77.wav,brown_hawk_owl
brownhawkowl78.wav,brown_hawk_owl
brownhawkowl79.wav,brown_hawk_owl
brownhawkowl80.wav,brown_hawk_owl
brownhawkowl81.wav,brown_hawk_owl
brownhawkowl82.wav,brown_hawk_owl
brownhawkowl83.wav,brown_hawk_owl
brownhawkowl84.wav,brown_hawk_owl
brownhawkowl85.wav,brown_hawk_owl
brownhawkowl86.wav,brown_hawk_owl
brownhawkowl87.wav,brown_hawk_owl
brownhawkowl88.wav,brown_hawk_owl
brownhawkowl89.wav,brown_hawk_owl
brownhawkowl90.wav,brown_hawk_owl
brownhawkowl91.wav,brown_hawk_owl
brownhawkowl92.wav,brown_hawk_owl
brownhawkowl93.wav,brown_hawk_owl
brownhawkowl94.wav,brown_hawk_owl
brownhawkowl95.wav,brown_hawk_owl
brownhawkowl96.wav,brown_hawk_owl
brownhawkowl97.wav,brown_hawk_owl
brownhawkowl98.wav,brown_hawk_owl
brownhawkowl99.wav,brown_hawk_owl
brownhawkowl100.wav,brown_hawk_owl
barbet1.wav,coppersmith_barbet
barbet2.wav,coppersmith_barbet
barbet3.wav,coppersmith_barbet
barbet4.wav,coppersmith_barbet
barbet5.wav,coppersmith_barbet
barbet6.wav,coppersmith_barbet
barbet7.wav,coppersmith_barbet
barbet8.wav,coppersmith_barbet
barbet9.wav,coppersmith_barbet
barbet10.wav,coppersmith_barbet
barbet11.wav,coppersmith_barbet
barbet12.wav,coppersmith_barbet
barbet13.wav,coppersmith_barbet
barbet14.wav,coppersmith_barbet
barbet15.wav,coppersmith_barbet
barbet16.wav,coppersmith_barbet
barbet17.wav,coppersmith_barbet
barbet18.wav,coppersmith_barbet
barbet19.wav,coppersmith_barbet
barbet20.wav,coppersmith_barbet
barbet21.wav,coppersmith_barbet
barbet22.wav,coppersmith_barbet
barbet23.wav,coppersmith_barbet
barbet24.wav,coppersmith_barbet
barbet25.wav,coppersmith_barbet
barbet26.wav,coppersmith_barbet
barbet27.wav,coppersmith_barbet
barbet28.wav,coppersmith_barbet
barbet29.wav,coppersmith_barbet
barbet30.wav,coppersmith_barbet
barbet31.wav,coppersmith_barbet
barbet32.wav,coppersmith_barbet
barbet33.wav,coppersmith_barbet
barbet34.wav,coppersmith_barbet
barbet35.wav,coppersmith_barbet
barbet36.wav,coppersmith_barbet
barbet37.wav,coppersmith_barbet
barbet38.wav,coppersmith_barbet
barbet39.wav,coppersmith_barbet
barbet40.wav,coppersmith_barbet
barbet41.wav,coppersmith_barbet
barbet42.wav,coppersmith_barbet
barbet43.wav,coppersmith_barbet
barbet44.wav,coppersmith_barbet
barbet45.wav,coppersmith_barbet
barbet46.wav,coppersmith_barbet
barbet47.wav,coppersmith_barbet
barbet48.wav,coppersmith_barbet
barbet49.wav,coppersmith_barbet
barbet50.wav,coppersmith_barbet
barbet51.wav,coppersmith_barbet
barbet52.wav,coppersmith_barbet
barbet53.wav,coppersmith_barbet
barbet54.wav,coppersmith_barbet
barbet55.wav,coppersmith_barbet
barbet56.wav,coppersmith_barbet
barbet57.wav,coppersmith_barbet
barbet58.wav,coppersmith_barbet
barbet59.wav,coppersmith_barbet
barbet60.wav,coppersmith_barbet
barbet61.wav,coppersmith_barbet
barbet62.wav,coppersmith_barbet
barbet63.wav,coppersmith_barbet
barbet64.wav,coppersmith_barbet
barbet65.wav,coppersmith_barbet
barbet66.wav,coppersmith_barbet
barbet67.wav,coppersmith_barbet
barbet68.wav,coppersmith_barbet
barbet69.wav,coppersmith_barbet
barbet70.wav,coppersmith_barbet
barbet71.wav,coppersmith_barbet
barbet72.wav,coppersmith_barbet
barbet73.wav,coppersmith_barbet
barbet74.wav,coppersmith_barbet
barbet75.wav,coppersmith_barbet
barbet76.wav,coppersmith_barbet
barbet77.wav,coppersmith_barbet
barbet78.wav,coppersmith_barbet
barbet79.wav,coppersmith_barbet
barbet80.wav,coppersmith_barbet
barbet81.wav,coppersmith_barbet
barbet82.wav,coppersmith_barbet
barbet83.wav,coppersmith_barbet
barbet84.wav,coppersmith_barbet
barbet85.wav,coppersmith_barbet
barbet86.wav,coppersmith_barbet
barbet87.wav,coppersmith_barbet
barbet88.wav,coppersmith_barbet
barbet89.wav,coppersmith_barbet
barbet90.wav,coppersmith_barbet
barbet91.wav,coppersmith_barbet
barbet92.wav,coppersmith_barbet
barbet93.wav,coppersmith_barbet
barbet94.wav,coppersmith_barbet
barbet95.wav,coppersmith_barbet
barbet96.wav,coppersmith_barbet
barbet97.wav,coppersmith_barbet
barbet98.wav,coppersmith_barbet
barbet99.wav,coppersmith_barbet
barbet100.wav,coppersmith_barbet
cresentserpent1.wav,crested_serpent_eagle
cresentserpent2.wav,crested_serpent_eagle
cresentserpent3.wav,crested_serpent_eagle
cresentserpent4.wav,crested_serpent_eagle
cresentserpent5.wav,crested_serpent_eagle
cresentserpent6.wav,crested_serpent_eagle
cresentserpent7.wav,crested_serpent_eagle
cresentserpent8.wav,crested_serpent_eagle
cresentserpent9.wav,crested_serpent_eagle
cresentserpent10.wav,crested_serpent_eagle
cresentserpent11.wav,crested_serpent_eagle
cresentserpent12.wav,crested_serpent_eagle
cresentserpent13.wav,crested_serpent_eagle
cresentserpent14.wav,crested_serpent_eagle
cresentserpent15.wav,crested_serpent_eagle
cresentserpent16.wav,crested_serpent_eagle
cresentserpent17.wav,crested_serpent_eagle
cresentserpent18.wav,crested_serpent_eagle
cresentserpent19.wav,crested_serpent_eagle
cresentserpent20.wav,crested_serpent_eagle
cresentserpent21.wav,crested_serpent_eagle
cresentserpent22.wav,crested_serpent_eagle
cresentserpent23.wav,crested_serpent_eagle
cresentserpent24.wav,crested_serpent_eagle
cresentserpent25.wav,crested_serpent_eagle
cresentserpent26.wav,crested_serpent_eagle
cresentserpent27.wav,crested_serpent_eagle
cresentserpent28.wav,crested_serpent_eagle
cresentserpent29.wav,crested_serpent_eagle
cresentserpent30.wav,crested_serpent_eagle
cresentserpent31.wav,crested_serpent_eagle
cresentserpent32.wav,crested_serpent_eagle
cresentserpent33.wav,crested_serpent_eagle
cresentserpent34.wav,crested_serpent_eagle
cresentserpent35.wav,crested_serpent_eagle
cresentserpent36.wav,crested_serpent_eagle
cresentserpent37.wav,crested_serpent_eagle
cresentserpent38.wav,crested_serpent_eagle
cresentserpent39.wav,crested_serpent_eagle
cresentserpent40.wav,crested_serpent_eagle
cresentserpent41.wav,crested_serpent_eagle
cresentserpent42.wav,crested_serpent_eagle
cresentserpent43.wav,crested_serpent_eagle
cresentserpent44.wav,crested_serpent_eagle
cresentserpent45.wav,crested_serpent_eagle
cresentserpent46.wav,crested_serpent_eagle
cresentserpent47.wav,crested_serpent_eagle
cresentserpent48.wav,crested_serpent_eagle
cresentserpent49.wav,crested_serpent_eagle
cresentserpent50.wav,crested_serpent_eagle
cresentserpent51.wav,crested_serpent_eagle
cresentserpent52.wav,crested_serpent_eagle
cresentserpent53.wav,crested_serpent_eagle
cresentserpent54.wav,crested_serpent_eagle
cresentserpent55.wav,crested_serpent_eagle
cresentserpent56.wav,crested_serpent_eagle
cresentserpent57.wav,crested_serpent_eagle
cresentserpent58.wav,crested_serpent_eagle
cresentserpent59.wav,crested_serpent_eagle
cresentserpent60.wav,crested_serpent_eagle
cresentserpent61.wav,crested_serpent_eagle
cresentserpent62.wav,crested_serpent_eagle
cresentserpent63.wav,crested_serpent_eagle
cresentserpent64.wav,crested_serpent_eagle
cresentserpent65.wav,crested_serpent_eagle
cresentserpent66.wav,crested_serpent_eagle
cresentserpent67.wav,crested_serpent_eagle
cresentserpent68.wav,crested_serpent_eagle
cresentserpent69.wav,crested_serpent_eagle
cresentserpent70.wav,crested_serpent_eagle
cresentserpent71.wav,crested_serpent_eagle
cresentserpent72.wav,crested_serpent_eagle
cresentserpent73.wav,crested_serpent_eagle
cresentserpent74.wav,crested_serpent_eagle
cresentserpent75.wav,crested_serpent_eagle
cresentserpent76.wav,crested_serpent_eagle
cresentserpent77.wav,crested_serpent_eagle
cresentserpent78.wav,crested_serpent_eagle
cresentserpent79.wav,crested_serpent_eagle
cresentserpent80.wav,crested_serpent_eagle
cresentserpent81.wav,crested_serpent_eagle
cresentserpent82.wav,crested_serpent_eagle
cresentserpent83.wav,crested_serpent_eagle
cresentserpent84.wav,crested_serpent_eagle
cresentserpent85.wav,crested_serpent_eagle
cresentserpent86.wav,crested_serpent_eagle
cresentserpent87.wav,crested_serpent_eagle
cresentserpent88.wav,crested_serpent_eagle
cresentserpent89.wav,crested_serpent_eagle
cresentserpent90.wav,crested_serpent_eagle
cresentserpent91.wav,crested_serpent_eagle
cresentserpent92.wav,crested_serpent_eagle
cresentserpent93.wav,crested_serpent_eagle
cresentserpent94.wav,crested_serpent_eagle
cresentserpent95.wav,crested_serpent_eagle
cresentserpent96.wav,crested_serpent_eagle
cresentserpent97.wav,crested_serpent_eagle
cresentserpent98.wav,crested_serpent_eagle
cresentserpent99.wav,crested_serpent_eagle
cresentserpent100.wav,crested_serpent_eagle
greynightjar1.wav,grey_nightjar
greynightjar2.wav,grey_nightjar
greynightjar3.wav,grey_nightjar
greynightjar4.wav,grey_nightjar
greynightjar5.wav,grey_nightjar
greynightjar6.wav,grey_nightjar
greynightjar7.wav,grey_nightjar
greynightjar8.wav,grey_nightjar
greynightjar9.wav,grey_nightjar
greynightjar10.wav,grey_nightjar
greynightjar11.wav,grey_nightjar
greynightjar12.wav,grey_nightjar
greynightjar13.wav,grey_nightjar
greynightjar14.wav,grey_nightjar
greynightjar15.wav,grey_nightjar
greynightjar16.wav,grey_nightjar
greynightjar17.wav,grey_nightjar
greynightjar18.wav,grey_nightjar
greynightjar19.wav,grey_nightjar
greynightjar20.wav,grey_nightjar
greynightjar21.wav,grey_nightjar
greynightjar22.wav,grey_nightjar
greynightjar23.wav,grey_nightjar
greynightjar24.wav,grey_nightjar
greynightjar25.wav,grey_nightjar
greynightjar26.wav,grey_nightjar
greynightjar27.wav,grey_nightjar
greynightjar28.wav,grey_nightjar
greynightjar29.wav,grey_nightjar
greynightjar30.wav,grey_nightjar
greynightjar31.wav,grey_nightjar
greynightjar32.wav,grey_nightjar
greynightjar33.wav,grey_nightjar
greynightjar34.wav,grey_nightjar
greynightjar35.wav,grey_nightjar
greynightjar36.wav,grey_nightjar
greynightjar37.wav,grey_nightjar
greynightjar38.wav,grey_nightjar
greynightjar39.wav,grey_nightjar
greynightjar40.wav,grey_nightjar
greynightjar41.wav,grey_nightjar
greynightjar42.wav,grey_nightjar
greynightjar43.wav,grey_nightjar
greynightjar44.wav,grey_nightjar
greynightjar45.wav,grey_nightjar
greynightjar46.wav,grey_nightjar
greynightjar47.wav,grey_nightjar
greynightjar48.wav,grey_nightjar
greynightjar49.wav,grey_nightjar
greynightjar50.wav,grey_nightjar
greynightjar51.wav,grey_nightjar
greynightjar52.wav,grey_nightjar
greynightjar53.wav,grey_nightjar
greynightjar54.wav,grey_nightjar
greynightjar55.wav,grey_nightjar
greynightjar56.wav,grey_nightjar
greynightjar57.wav,grey_nightjar
greynightjar58.wav,grey_nightjar
greynightjar59.wav,grey_nightjar
greynightjar60.wav,grey_nightjar
greynightjar61.wav,grey_nightjar
greynightjar62.wav,grey_nightjar
greynightjar63.wav,grey_nightjar
greynightjar64.wav,grey_nightjar
greynightjar65.wav,grey_nightjar
greynightjar66.wav,grey_nightjar
greynightjar67.wav,grey_nightjar
greynightjar68.wav,grey_nightjar
greynightjar69.wav,grey_nightjar
greynightjar70.wav,grey_nightjar
greynightjar71.wav,grey_nightjar
greynightjar72.wav,grey_nightjar
greynightjar73.wav,grey_nightjar
greynightjar74.wav,grey_nightjar
greynightjar75.wav,grey_nightjar
greynightjar76.wav,grey_nightjar
greynightjar77.wav,grey_nightjar
greynightjar78.wav,grey_nightjar
greynightjar79.wav,grey_nightjar
greynightjar80.wav,grey_nightjar
greynightjar81.wav,grey_nightjar
greynightjar82.wav,grey_nightjar
greynightjar83.wav,grey_nightjar
greynightjar84.wav,grey_nightjar
greynightjar85.wav,grey_nightjar
greynightjar86.wav,grey_nightjar
greynightjar87.wav,grey_nightjar
greynightjar88.wav,grey_nightjar
greynightjar89.wav,grey_nightjar
greynightjar90.wav,grey_nightjar
greynightjar91.wav,grey_nightjar
greynightjar92.wav,grey_nightjar
greynightjar93.wav,grey_nightjar
greynightjar94.wav,grey_nightjar
greynightjar95.wav,grey_nightjar
greynightjar96.wav,grey_nightjar
greynightjar97.wav,grey_nightjar
greynightjar98.wav,grey_nightjar
greynightjar99.wav,grey_nightjar
greynightjar100.wav,grey_nightjar
flowerpecker1.wav,orange_bellied_flowerpecker
flowerpecker2.wav,orange_bellied_flowerpecker
flowerpecker3.wav,orange_bellied_flowerpecker
flowerpecker4.wav,orange_bellied_flowerpecker
flowerpecker5.wav,orange_bellied_flowerpecker
flowerpecker6.wav,orange_bellied_flowerpecker
flowerpecker7.wav,orange_bellied_flowerpecker
flowerpecker8.wav,orange_bellied_flowerpecker
flowerpecker9.wav,orange_bellied_flowerpecker
flowerpecker10.wav,orange_bellied_flowerpecker
flowerpecker11.wav,orange_bellied_flowerpecker
flowerpecker12.wav,orange_bellied_flowerpecker
flowerpecker13.wav,orange_bellied_flowerpecker
flowerpecker14.wav,orange_bellied_flowerpecker
flowerpecker15.wav,orange_bellied_flowerpecker
flowerpecker16.wav,orange_bellied_flowerpecker
flowerpecker17.wav,orange_bellied_flowerpecker
flowerpecker18.wav,orange_bellied_flowerpecker
flowerpecker19.wav,orange_bellied_flowerpecker
flowerpecker20.wav,orange_bellied_flowerpecker
flowerpecker21.wav,orange_bellied_flowerpecker
flowerpecker22.wav,orange_bellied_flowerpecker
flowerpecker23.wav,orange_bellied_flowerpecker
flowerpecker24.wav,orange_bellied_flowerpecker
flowerpecker25.wav,orange_bellied_flowerpecker
flowerpecker26.wav,orange_bellied_flowerpecker
flowerpecker27.wav,orange_bellied_flowerpecker
flowerpecker28.wav,orange_bellied_flowerpecker
flowerpecker29.wav,orange_bellied_flowerpecker
flowerpecker30.wav,orange_bellied_flowerpecker
flowerpecker31.wav,orange_bellied_flowerpecker
flowerpecker32.wav,orange_bellied_flowerpecker
flowerpecker33.wav,orange_bellied_flowerpecker
flowerpecker34.wav,orange_bellied_flowerpecker
flowerpecker35.wav,orange_bellied_flowerpecker
flowerpecker36.wav,orange_bellied_flowerpecker
flowerpecker37.wav,orange_bellied_flowerpecker
flowerpecker38.wav,orange_bellied_flowerpecker
flowerpecker39.wav,orange_bellied_flowerpecker
flowerpecker40.wav,orange_bellied_flowerpecker
flowerpecker41.wav,orange_bellied_flowerpecker
flowerpecker42.wav,orange_bellied_flowerpecker
flowerpecker43.wav,orange_bellied_flowerpecker
flowerpecker44.wav,orange_bellied_flowerpecker
flowerpecker45.wav,orange_bellied_flowerpecker
flowerpecker46.wav,orange_bellied_flowerpecker
flowerpecker47.wav,orange_bellied_flowerpecker
flowerpecker48.wav,orange_bellied_flowerpecker
flowerpecker49.wav,orange_bellied_flowerpecker
flowerpecker50.wav,orange_bellied_flowerpecker
flowerpecker51.wav,orange_bellied_flowerpecker
flowerpecker52.wav,orange_bellied_flowerpecker
flowerpecker53.wav,orange_bellied_flowerpecker
flowerpecker54.wav,orange_bellied_flowerpecker
flowerpecker55.wav,orange_bellied_flowerpecker
flowerpecker56.wav,orange_bellied_flowerpecker
flowerpecker57.wav,orange_bellied_flowerpecker
flowerpecker58.wav,orange_bellied_flowerpecker
flowerpecker59.wav,orange_bellied_flowerpecker
flowerpecker60.wav,orange_bellied_flowerpecker
flowerpecker61.wav,orange_bellied_flowerpecker
flowerpecker62.wav,orange_bellied_flowerpecker
flowerpecker63.wav,orange_bellied_flowerpecker
flowerpecker64.wav,orange_bellied_flowerpecker
flowerpecker65.wav,orange_bellied_flowerpecker
flowerpecker66.wav,orange_bellied_flowerpecker
flowerpecker67.wav,orange_bellied_flowerpecker
flowerpecker68.wav,orange_bellied_flowerpecker
flowerpecker69.wav,orange_bellied_flowerpecker
flowerpecker70.wav,orange_bellied_flowerpecker
flowerpecker71.wav,orange_bellied_flowerpecker
flowerpecker72.wav,orange_bellied_flowerpecker
flowerpecker73.wav,orange_bellied_flowerpecker
flowerpecker74.wav,orange_bellied_flowerpecker
flowerpecker75.wav,orange_bellied_flowerpecker
flowerpecker76.wav,orange_bellied_flowerpecker
flowerpecker77.wav,orange_bellied_flowerpecker
flowerpecker78.wav,orange_bellied_flowerpecker
flowerpecker79.wav,orange_bellied_flowerpecker
flowerpecker80.wav,orange_bellied_flowerpecker
flowerpecker81.wav,orange_bellied_flowerpecker
flowerpecker82.wav,orange_bellied_flowerpecker
flowerpecker83.wav,orange_bellied_flowerpecker
flowerpecker84.wav,orange_bellied_flowerpecker
flowerpecker85.wav,orange_bellied_flowerpecker
flowerpecker86.wav,orange_bellied_flowerpecker
flowerpecker87.wav,orange_bellied_flowerpecker
flowerpecker88.wav,orange_bellied_flowerpecker
flowerpecker89.wav,orange_bellied_flowerpecker
flowerpecker90.wav,orange_bellied_flowerpecker
flowerpecker91.wav,orange_bellied_flowerpecker
flowerpecker92.wav,orange_bellied_flowerpecker
flowerpecker93.wav,orange_bellied_flowerpecker
flowerpecker94.wav,orange_bellied_flowerpecker
flowerpecker95.wav,orange_bellied_flowerpecker
flowerpecker96.wav,orange_bellied_flowerpecker
flowerpecker97.wav,orange_bellied_flowerpecker
flowerpecker98.wav,orange_bellied_flowerpecker
flowerpecker99.wav,orange_bellied_flowerpecker
flowerpecker100.wav,orange_bellied_flowerpecker
orientalcuckoo1.wav,oriental_cuckoo
orientalcuckoo2.wav,oriental_cuckoo
orientalcuckoo3.wav,oriental_cuckoo
orientalcuckoo4.wav,oriental_cuckoo
orientalcuckoo5.wav,oriental_cuckoo
orientalcuckoo6.wav,oriental_cuckoo
orientalcuckoo7.wav,oriental_cuckoo
orientalcuckoo8.wav,oriental_cuckoo
orientalcuckoo9.wav,oriental_cuckoo
orientalcuckoo10.wav,oriental_cuckoo
orientalcuckoo11.wav,oriental_cuckoo
orientalcuckoo12.wav,oriental_cuckoo
orientalcuckoo13.wav,oriental_cuckoo
orientalcuckoo14.wav,oriental_cuckoo
orientalcuckoo15.wav,oriental_cuckoo
orientalcuckoo16.wav,oriental_cuckoo
orientalcuckoo17.wav,oriental_cuckoo
orientalcuckoo18.wav,oriental_cuckoo
orientalcuckoo19.wav,oriental_cuckoo
orientalcuckoo20.wav,oriental_cuckoo
orientalcuckoo21.wav,oriental_cuckoo
orientalcuckoo22.wav,oriental_cuckoo
orientalcuckoo23.wav,oriental_cuckoo
orientalcuckoo24.wav,oriental_cuckoo
orientalcuckoo25.wav,oriental_cuckoo
orientalcuckoo26.wav,oriental_cuckoo
orientalcuckoo27.wav,oriental_cuckoo
orientalcuckoo28.wav,oriental_cuckoo
orientalcuckoo29.wav,oriental_cuckoo
orientalcuckoo30.wav,oriental_cuckoo
orientalcuckoo31.wav,oriental_cuckoo
orientalcuckoo32.wav,oriental_cuckoo
orientalcuckoo33.wav,oriental_cuckoo
orientalcuckoo34.wav,oriental_cuckoo
orientalcuckoo35.wav,oriental_cuckoo
orientalcuckoo36.wav,oriental_cuckoo
orientalcuckoo37.wav,oriental_cuckoo
orientalcuckoo38.wav,oriental_cuckoo
orientalcuckoo39.wav,oriental_cuckoo
orientalcuckoo40.wav,oriental_cuckoo
orientalcuckoo41.wav,oriental_cuckoo
orientalcuckoo42.wav,oriental_cuckoo
orientalcuckoo43.wav,oriental_cuckoo
orientalcuckoo44.wav,oriental_cuckoo
orientalcuckoo45.wav,oriental_cuckoo
orientalcuckoo46.wav,oriental_cuckoo
orientalcuckoo47.wav,oriental_cuckoo
orientalcuckoo48.wav,oriental_cuckoo
orientalcuckoo49.wav,oriental_cuckoo
orientalcuckoo50.wav,oriental_cuckoo
orientalcuckoo51.wav,oriental_cuckoo
orientalcuckoo52.wav,oriental_cuckoo
orientalcuckoo53.wav,oriental_cuckoo
orientalcuckoo54.wav,oriental_cuckoo
orientalcuckoo55.wav,oriental_cuckoo
orientalcuckoo56.wav,oriental_cuckoo
orientalcuckoo57.wav,oriental_cuckoo
orientalcuckoo58.wav,oriental_cuckoo
orientalcuckoo59.wav,oriental_cuckoo
orientalcuckoo60.wav,oriental_cuckoo
orientalcuckoo61.wav,oriental_cuckoo
orientalcuckoo62.wav,oriental_cuckoo
orientalcuckoo63.wav,oriental_cuckoo
orientalcuckoo64.wav,oriental_cuckoo
orientalcuckoo65.wav,oriental_cuckoo
orientalcuckoo66.wav,oriental_cuckoo
orientalcuckoo67.wav,oriental_cuckoo
orientalcuckoo68.wav,oriental_cuckoo
orientalcuckoo69.wav,oriental_cuckoo
orientalcuckoo70.wav,oriental_cuckoo
orientalcuckoo71.wav,oriental_cuckoo
orientalcuckoo72.wav,oriental_cuckoo
orientalcuckoo73.wav,oriental_cuckoo
orientalcuckoo74.wav,oriental_cuckoo
orientalcuckoo75.wav,oriental_cuckoo
orientalcuckoo76.wav,oriental_cuckoo
orientalcuckoo77.wav,oriental_cuckoo
orientalcuckoo78.wav,oriental_cuckoo
orientalcuckoo79.wav,oriental_cuckoo
orientalcuckoo80.wav,oriental_cuckoo
orientalcuckoo81.wav,oriental_cuckoo
orientalcuckoo82.wav,oriental_cuckoo
orientalcuckoo83.wav,oriental_cuckoo
orientalcuckoo84.wav,oriental_cuckoo
orientalcuckoo85.wav,oriental_cuckoo
orientalcuckoo86.wav,oriental_cuckoo
orientalcuckoo87.wav,oriental_cuckoo
orientalcuckoo88.wav,oriental_cuckoo
orientalcuckoo89.wav,oriental_cuckoo
orientalcuckoo90.wav,oriental_cuckoo
orientalcuckoo91.wav,oriental_cuckoo
orientalcuckoo92.wav,oriental_cuckoo
orientalcuckoo93.wav,oriental_cuckoo
orientalcuckoo94.wav,oriental_cuckoo
orientalcuckoo95.wav,oriental_cuckoo
orientalcuckoo96.wav,oriental_cuckoo
orientalcuckoo97.wav,oriental_cuckoo
orientalcuckoo98.wav,oriental_cuckoo
orientalcuckoo99.wav,oriental_cuckoo
orientalcuckoo100.wav,oriental_cuckoo
woodpecker1.wav,white_bellied_woodpecker
woodpecker2.wav,white_bellied_woodpecker
woodpecker3.wav,white_bellied_woodpecker
woodpecker4.wav,white_bellied_woodpecker
woodpecker5.wav,white_bellied_woodpecker
woodpecker6.wav,white_bellied_woodpecker
woodpecker7.wav,white_bellied_woodpecker
woodpecker8.wav,white_bellied_woodpecker
woodpecker9.wav,white_bellied_woodpecker
woodpecker10.wav,white_bellied_woodpecker
woodpecker11.wav,white_bellied_woodpecker
woodpecker12.wav,white_bellied_woodpecker
woodpecker13.wav,white_bellied_woodpecker
woodpecker14.wav,white_bellied_woodpecker
woodpecker15.wav,white_bellied_woodpecker
woodpecker16.wav,white_bellied_woodpecker
woodpecker17.wav,white_bellied_woodpecker
woodpecker18.wav,white_bellied_woodpecker
woodpecker19.wav,white_bellied_woodpecker
woodpecker20.wav,white_bellied_woodpecker
woodpecker21.wav,white_bellied_woodpecker
woodpecker22.wav,white_bellied_woodpecker
woodpecker23.wav,white_bellied_woodpecker
woodpecker24.wav,white_bellied_woodpecker
woodpecker25.wav,white_bellied_woodpecker
woodpecker26.wav,white_bellied_woodpecker
woodpecker27.wav,white_bellied_woodpecker
woodpecker28.wav,white_bellied_woodpecker
woodpecker29.wav,white_bellied_woodpecker
woodpecker30.wav,white_bellied_woodpecker
woodpecker31.wav,white_bellied_woodpecker
woodpecker32.wav,white_bellied_woodpecker
woodpecker33.wav,white_bellied_woodpecker
woodpecker34.wav,white_bellied_woodpecker
woodpecker35.wav,white_bellied_woodpecker
woodpecker36.wav,white_bellied_woodpecker
woodpecker37.wav,white_bellied_woodpecker
woodpecker38.wav,white_bellied_woodpecker
woodpecker39.wav,white_bellied_woodpecker
woodpecker40.wav,white_bellied_woodpecker
woodpecker41.wav,white_bellied_woodpecker
woodpecker42.wav,white_bellied_woodpecker
woodpecker43.wav,white_bellied_woodpecker
woodpecker44.wav,white_bellied_woodpecker
woodpecker45.wav,white_bellied_woodpecker
woodpecker46.wav,white_bellied_woodpecker
woodpecker47.wav,white_bellied_woodpecker
woodpecker48.wav,white_bellied_woodpecker
woodpecker49.wav,white_bellied_woodpecker
woodpecker50.wav,white_bellied_woodpecker
woodpecker51.wav,white_bellied_woodpecker
woodpecker52.wav,white_bellied_woodpecker
woodpecker53.wav,white_bellied_woodpecker
woodpecker54.wav,white_bellied_woodpecker
woodpecker55.wav,white_bellied_woodpecker
woodpecker56.wav,white_bellied_woodpecker
woodpecker57.wav,white_bellied_woodpecker
woodpecker58.wav,white_bellied_woodpecker
woodpecker59.wav,white_bellied_woodpecker
woodpecker60.wav,white_bellied_woodpecker
woodpecker61.wav,white_bellied_woodpecker
woodpecker62.wav,white_bellied_woodpecker
woodpecker63.wav,white_bellied_woodpecker
woodpecker64.wav,white_bellied_woodpecker
woodpecker65.wav,white_bellied_woodpecker
woodpecker66.wav,white_bellied_woodpecker
woodpecker67.wav,white_bellied_woodpecker
woodpecker68.wav,white_bellied_woodpecker
woodpecker69.wav,white_bellied_woodpecker
woodpecker70.wav,white_bellied_woodpecker
woodpecker71.wav,white_bellied_woodpecker
woodpecker72.wav,white_bellied_woodpecker
woodpecker73.wav,white_bellied_woodpecker
woodpecker74.wav,white_bellied_woodpecker
woodpecker75.wav,white_bellied_woodpecker
woodpecker76.wav,white_bellied_woodpecker
woodpecker77.wav,white_bellied_woodpecker
woodpecker78.wav,white_bellied_woodpecker
woodpecker79.wav,white_bellied_woodpecker
woodpecker80.wav,white_bellied_woodpecker
woodpecker81.wav,white_bellied_woodpecker
woodpecker82.wav,white_bellied_woodpecker
woodpecker83.wav,white_bellied_woodpecker
woodpecker84.wav,white_bellied_woodpecker
woodpecker85.wav,white_bellied_woodpecker
woodpecker86.wav,white_bellied_woodpecker
woodpecker87.wav,white_bellied_woodpecker
woodpecker88.wav,white_bellied_woodpecker
woodpecker89.wav,white_bellied_woodpecker
woodpecker90.wav,white_bellied_woodpecker
woodpecker91.wav,white_bellied_woodpecker
woodpecker92.wav,white_bellied_woodpecker
woodpecker93.wav,white_bellied_woodpecker
woodpecker94.wav,white_bellied_woodpecker
woodpecker95.wav,white_bellied_woodpecker
woodpecker96.wav,white_bellied_woodpecker
woodpecker97.wav,white_bellied_woodpecker
woodpecker98.wav,white_bellied_woodpecker
woodpecker99.wav,white_bellied_woodpecker
woodpecker100.wav,white_bellied_woodpecker
